{"cameraMode":{"drawMode":0,"name":"Shaded","section":"Shading Mode"},"sceneLighting":true,"audioPlay":false,"sceneViewState":{"m_AlwaysRefresh":false,"showFog":true,"showSkybox":true,"showFlares":true,"showImageEffects":true,"showParticleSystems":true,"showVisualEffectGraphs":true,"m_FxEnabled":true},"in2DMode":false,"pivot":{"x":1.3078163862228394,"y":-0.07479064911603928,"z":0.9677530527114868},"rotation":{"x":-0.2357822209596634,"y":-0.07803666591644287,"z":0.018998535349965097,"w":-0.9684817790985107},"size":4.901926517486572,"orthographic":false}